[
    {
        "id": 0,
        "nombre": "Antonio",
        "apellidos": "Cant\u00f3",
        "dni": "74735135q",
        "fecha": "1986-07-06",
        "email": "elston3r@gmail.com",
        "password": "tutuha"
    },
    {
        "id": 2,
        "nombre": "Asier",
        "apellidos": "Berrocal",
        "dni": "74735135q",
        "fecha": "2000-12-14",
        "email": "elston3r@paraiso.daw",
        "password": "tutuha"
    },
    {
        "id": 3,
        "nombre": "Pepito",
        "apellidos": "Cant\u00f3",
        "dni": "74735135q",
        "fecha": "2000-12-02",
        "email": "elton3t@gmail.com",
        "password": "tutuha"
    }
]