[
    {
        "ref": "portatiles",
        "descripcion": "portatil blanco",
        "familia": "ordenadores",
        "precio": "500"
    },
    {
        "ref": "teclados",
        "descripcion": "teclado gaming",
        "familia": "ordenadores",
        "precio": "70"
    },
    {
        "ref": "raton",
        "descripcion": "raton gaming",
        "familia": "ordenadores",
        "precio": "65"
    },
    {
        "ref": "monitores",
        "descripcion": "monitor",
        "familia": "monitroes",
        "precio": "400"
    }
]