[
    [],
    [
        {
            "id": 1,
            "nombre": "Asier Berrocal",
            "articulo": "teclado gaming",
            "cantidad": "2",
            "precio": "70",
            "total": 140
        },
        {
            "id": 1,
            "nombre": "Asier Berrocal",
            "articulo": "portatil blanco",
            "cantidad": "2",
            "precio": "500",
            "total": 1000
        }
    ],
    [
        {
            "id": 2,
            "nombre": "Asier Berrocal",
            "articulo": "teclado gaming",
            "cantidad": "2",
            "precio": "70",
            "total": 140
        }
    ]
]